{
  "join/scale_completion": {
    "micro": {
      "point": 0.8903088391906283,
      "lo": 0.8547155162311028,
      "hi": 0.9239503010306861
    },
    "macro": {
      "point": 0.9010967741935484,
      "lo": 0.8500322580645161,
      "hi": 0.9432903225806452
    }
  },
  "join/degree_budget": {
    "micro": {
      "point": 0.8294117647058824,
      "lo": 0.777878472708039,
      "hi": 0.8836676413521711
    },
    "macro": {
      "point": 0.8530967741935483,
      "lo": 0.7679677419354838,
      "hi": 0.9195814516129033
    }
  },
  "join/graph_scale": {
    "micro": {
      "point": 0.8157589803012746,
      "lo": 0.7625726988704639,
      "hi": 0.8652482269503545
    },
    "macro": {
      "point": 0.8376129032258065,
      "lo": 0.7578701612903226,
      "hi": 0.9019685483870967
    }
  },
  "join/graph_rescue": {
    "micro": {
      "point": 0.7872340425531914,
      "lo": 0.7387387387387387,
      "hi": 0.8393291344508453
    },
    "macro": {
      "point": 0.8128387096774193,
      "lo": 0.7152540322580644,
      "hi": 0.8887758064516128
    }
  },
  "join/production": {
    "micro": {
      "point": 0.6666666666666667,
      "lo": 0.6096933753816489,
      "hi": 0.72
    },
    "macro": {
      "point": 0.6740967741935483,
      "lo": 0.592225,
      "hi": 0.7533879032258065
    }
  },
  "VLM": {
    "micro": {
      "point": 0.9230769230769231,
      "lo": 0.8803070005601651,
      "hi": 0.9657619601276705
    },
    "macro": {
      "point": 0.9488709677419355,
      "lo": 0.916741129032258,
      "hi": 0.9770661290322581
    }
  },
  "VLM_minus_ours_micro": {
    "point": 0.03276808388629482,
    "lo": -0.009184500410865945,
    "hi": 0.07809612609512304
  }
}