{
  "ours_scale_completion": {
    "f1": 0.9010706849335028,
    "p": 0.9363076881412257,
    "r": 0.8883375266075443
  },
  "detCCL_d15": {
    "f1": 0.6114513460940891,
    "p": 0.8802160794570663,
    "r": 0.5276461212176866
  },
  "detCCL_d11": {
    "f1": 0.419874946003425,
    "p": 0.7795698924731184,
    "r": 0.32966791398230183
  },
  "detCCL_d7": {
    "f1": 0.17597614789760652,
    "p": 0.5779569892473119,
    "r": 0.11132092510329435
  },
  "detCCL_d3": {
    "f1": 0.09381716927298975,
    "p": 0.4086021505376344,
    "r": 0.058060795462875306
  }
}