{
  "best": "close59x2_reach70",
  "configs": {
    "close5x2_reach26": {
      "f1": 0.11222970163498598,
      "p": 0.3806451612903226,
      "r": 0.07353793369084308
    },
    "close9x2_reach30": {
      "f1": 0.14141116402687234,
      "p": 0.44516129032258067,
      "r": 0.09582502014342743
    },
    "close13x2_reach36": {
      "f1": 0.18784220341423588,
      "p": 0.5405529953917051,
      "r": 0.12810815224632655
    },
    "close9x3_reach30": {
      "f1": 0.1636506123990666,
      "p": 0.5427035330261137,
      "r": 0.1112989721445918
    },
    "close17x2_reach40": {
      "f1": 0.24285850347547613,
      "p": 0.5672864028815086,
      "r": 0.19389142934523007
    },
    "close21x2_reach44": {
      "f1": 0.41205324207558347,
      "p": 0.7439357151115736,
      "r": 0.341327706252054
    },
    "close25x2_reach48": {
      "f1": 0.5059703954032568,
      "p": 0.8433335615328875,
      "r": 0.45113349353342536
    },
    "close31x2_reach54": {
      "f1": 0.6780209587433386,
      "p": 0.8151620914259335,
      "r": 0.6799782982957318
    },
    "close39x2_reach60": {
      "f1": 0.7389870625254912,
      "p": 0.7869000791316024,
      "r": 0.8021546707474778
    },
    "close47x2_reach64": {
      "f1": 0.7822309801436658,
      "p": 0.7734841565486728,
      "r": 0.8884696357621799
    },
    "close59x2_reach70": {
      "f1": 0.8183074769112955,
      "p": 0.7487684270791234,
      "r": 0.9586351685370522
    }
  }
}