{
  "ours_scale_completion": {
    "micro": {
      "f1": 0.8903088391906283,
      "p": 0.9186813186813186,
      "r": 0.8636363636363636,
      "tp": 418,
      "fp": 37,
      "fn": 66
    },
    "macro": {
      "f1": 0.9010706849335028,
      "p": 0.9363076881412257,
      "r": 0.8883375266075443
    },
    "counts": [
      [
        25,
        0,
        8
      ],
      [
        19,
        2,
        3
      ],
      [
        13,
        2,
        4
      ],
      [
        16,
        2,
        2
      ],
      [
        6,
        0,
        0
      ],
      [
        6,
        0,
        4
      ],
      [
        3,
        0,
        0
      ],
      [
        15,
        4,
        7
      ],
      [
        24,
        7,
        2
      ],
      [
        3,
        0,
        0
      ],
      [
        3,
        0,
        0
      ],
      [
        2,
        1,
        2
      ],
      [
        4,
        0,
        0
      ],
      [
        4,
        0,
        0
      ],
      [
        4,
        0,
        0
      ],
      [
        6,
        0,
        0
      ],
      [
        7,
        0,
        0
      ],
      [
        7,
        0,
        0
      ],
      [
        8,
        1,
        0
      ],
      [
        8,
        1,
        0
      ],
      [
        8,
        1,
        0
      ],
      [
        3,
        0,
        8
      ],
      [
        20,
        1,
        0
      ],
      [
        29,
        6,
        3
      ],
      [
        27,
        4,
        0
      ],
      [
        21,
        2,
        0
      ],
      [
        21,
        0,
        2
      ],
      [
        23,
        0,
        0
      ],
      [
        27,
        2,
        14
      ],
      [
        21,
        0,
        1
      ],
      [
        35,
        1,
        6
      ]
    ]
  },
  "detCCL_d15": {
    "micro": {
      "f1": 0.6237762237762239,
      "p": 0.9653679653679653,
      "r": 0.4607438016528926,
      "tp": 223,
      "fp": 8,
      "fn": 261
    },
    "macro": {
      "f1": 0.6114513460940891,
      "p": 0.8802160794570663,
      "r": 0.5276461212176866
    },
    "counts": [
      [
        6,
        0,
        27
      ],
      [
        9,
        0,
        13
      ],
      [
        4,
        0,
        13
      ],
      [
        0,
        0,
        18
      ],
      [
        0,
        0,
        6
      ],
      [
        4,
        0,
        6
      ],
      [
        3,
        0,
        0
      ],
      [
        7,
        0,
        15
      ],
      [
        11,
        6,
        15
      ],
      [
        2,
        0,
        1
      ],
      [
        3,
        0,
        0
      ],
      [
        0,
        0,
        4
      ],
      [
        4,
        0,
        0
      ],
      [
        4,
        0,
        0
      ],
      [
        4,
        0,
        0
      ],
      [
        2,
        0,
        4
      ],
      [
        5,
        0,
        2
      ],
      [
        7,
        0,
        0
      ],
      [
        2,
        0,
        6
      ],
      [
        6,
        0,
        2
      ],
      [
        2,
        0,
        6
      ],
      [
        3,
        0,
        8
      ],
      [
        13,
        0,
        7
      ],
      [
        7,
        0,
        25
      ],
      [
        13,
        0,
        14
      ],
      [
        21,
        0,
        0
      ],
      [
        17,
        0,
        6
      ],
      [
        23,
        0,
        0
      ],
      [
        36,
        1,
        5
      ],
      [
        3,
        0,
        19
      ],
      [
        2,
        1,
        39
      ]
    ]
  },
  "detCCL_d11": {
    "micro": {
      "f1": 0.45110410094637227,
      "p": 0.9533333333333334,
      "r": 0.29545454545454547,
      "tp": 143,
      "fp": 7,
      "fn": 341
    },
    "macro": {
      "f1": 0.419874946003425,
      "p": 0.7795698924731184,
      "r": 0.32966791398230183
    },
    "counts": [
      [
        0,
        0,
        33
      ],
      [
        3,
        0,
        19
      ],
      [
        0,
        0,
        17
      ],
      [
        0,
        0,
        18
      ],
      [
        0,
        0,
        6
      ],
      [
        3,
        0,
        7
      ],
      [
        1,
        0,
        2
      ],
      [
        2,
        0,
        20
      ],
      [
        6,
        6,
        20
      ],
      [
        2,
        0,
        1
      ],
      [
        2,
        0,
        1
      ],
      [
        0,
        0,
        4
      ],
      [
        4,
        0,
        0
      ],
      [
        3,
        0,
        1
      ],
      [
        3,
        0,
        1
      ],
      [
        0,
        0,
        6
      ],
      [
        2,
        0,
        5
      ],
      [
        4,
        0,
        3
      ],
      [
        1,
        0,
        7
      ],
      [
        2,
        0,
        6
      ],
      [
        1,
        0,
        7
      ],
      [
        3,
        0,
        8
      ],
      [
        6,
        0,
        14
      ],
      [
        2,
        0,
        30
      ],
      [
        13,
        0,
        14
      ],
      [
        16,
        0,
        5
      ],
      [
        8,
        0,
        15
      ],
      [
        17,
        0,
        6
      ],
      [
        36,
        0,
        5
      ],
      [
        1,
        0,
        21
      ],
      [
        2,
        1,
        39
      ]
    ]
  },
  "detCCL_d7": {
    "micro": {
      "f1": 0.20588235294117646,
      "p": 0.9333333333333333,
      "r": 0.11570247933884298,
      "tp": 56,
      "fp": 4,
      "fn": 428
    },
    "macro": {
      "f1": 0.17597614789760652,
      "p": 0.5779569892473119,
      "r": 0.11132092510329435
    },
    "counts": [
      [
        0,
        0,
        33
      ],
      [
        3,
        0,
        19
      ],
      [
        0,
        0,
        17
      ],
      [
        0,
        0,
        18
      ],
      [
        0,
        0,
        6
      ],
      [
        1,
        0,
        9
      ],
      [
        1,
        0,
        2
      ],
      [
        1,
        0,
        21
      ],
      [
        1,
        3,
        25
      ],
      [
        0,
        0,
        3
      ],
      [
        1,
        0,
        2
      ],
      [
        0,
        0,
        4
      ],
      [
        2,
        0,
        2
      ],
      [
        0,
        0,
        4
      ],
      [
        0,
        0,
        4
      ],
      [
        0,
        0,
        6
      ],
      [
        0,
        0,
        7
      ],
      [
        1,
        0,
        6
      ],
      [
        1,
        0,
        7
      ],
      [
        1,
        0,
        7
      ],
      [
        0,
        0,
        8
      ],
      [
        2,
        0,
        9
      ],
      [
        1,
        0,
        19
      ],
      [
        0,
        0,
        32
      ],
      [
        8,
        0,
        19
      ],
      [
        3,
        0,
        18
      ],
      [
        6,
        0,
        17
      ],
      [
        3,
        0,
        20
      ],
      [
        17,
        0,
        24
      ],
      [
        1,
        0,
        21
      ],
      [
        2,
        1,
        39
      ]
    ]
  },
  "detCCL_d3": {
    "micro": {
      "f1": 0.08284023668639053,
      "p": 0.9130434782608695,
      "r": 0.04338842975206612,
      "tp": 21,
      "fp": 2,
      "fn": 463
    },
    "macro": {
      "f1": 0.09381716927298975,
      "p": 0.4086021505376344,
      "r": 0.058060795462875306
    },