{
  "detected": {
    "f1": 0.9010706849335028,
    "p": 0.9363076881412257,
    "r": 0.8883375266075443
  },
  "perfect_gt": {
    "f1": 0.9160804450475922,
    "p": 0.9355072949702892,
    "r": 0.9093211063637441
  }
}