{
  "best": "link44_reach48",
  "configs": {
    "link10_reach22": {
      "micro": {
        "f1": 0.1160541586073501,
        "p": 0.9090909090909091,
        "r": 0.06198347107438017,
        "tp": 30,
        "fp": 3,
        "fn": 454
      },
      "macro": {
        "f1": 0.11553110476905275,
        "p": 0.41397849462365593,
        "r": 0.07718486329131832
      }
    },
    "link14_reach26": {
      "micro": {
        "f1": 0.3039723661485319,
        "p": 0.9263157894736842,
        "r": 0.18181818181818182,
        "tp": 88,
        "fp": 7,
        "fn": 396
      },
      "macro": {
        "f1": 0.261111670888917,
        "p": 0.647125723738627,
        "r": 0.18861312074547118
      }
    },
    "link20_reach30": {
      "micro": {
        "f1": 0.5465288035450517,
        "p": 0.9585492227979274,
        "r": 0.3822314049586777,
        "tp": 185,
        "fp": 8,
        "fn": 299
      },
      "macro": {
        "f1": 0.5505695952369023,
        "p": 0.946057347670251,
        "r": 0.4253799955357397
      }
    },
    "link28_reach36": {
      "micro": {
        "f1": 0.7809523809523808,
        "p": 0.9213483146067416,
        "r": 0.6776859504132231,
        "tp": 328,
        "fp": 28,
        "fn": 156
      },
      "macro": {
        "f1": 0.7849525867427977,
        "p": 0.9617262307584888,
        "r": 0.7021371260353672
      }
    },
    "link36_reach42": {
      "micro": {
        "f1": 0.799575821845175,
        "p": 0.8213507625272332,
        "r": 0.7789256198347108,
        "tp": 377,
        "fp": 82,
        "fn": 107
      },
      "macro": {
        "f1": 0.8270191757205629,
        "p": 0.9154350320311955,
        "r": 0.7956308779352237
      }
    },
    "link44_reach48": {
      "micro": {
        "f1": 0.8045977011494253,
        "p": 0.75,
        "r": 0.8677685950413223,
        "tp": 420,
        "fp": 140,
        "fn": 64
      },
      "macro": {
        "f1": 0.8467870697676779,
        "p": 0.8555571608519698,
        "r": 0.873640818947606
      }
    },
    "link56_reach56": {
      "micro": {
        "f1": 0.7561181434599157,
        "p": 0.6390870185449358,
        "r": 0.9256198347107438,
        "tp": 448,
        "fp": 253,
        "fn": 36
      },
      "macro": {
        "f1": 0.8294194577582904,
        "p": 0.793059538008121,
        "r": 0.9264532399407671
      }
    }
  }
}