{
  "best": "link44_reach48",
  "configs": {
    "link10_reach22": {
      "f1": 0.11553110476905275,
      "p": 0.41397849462365593,
      "r": 0.07718486329131832
    },
    "link14_reach26": {
      "f1": 0.261111670888917,
      "p": 0.647125723738627,
      "r": 0.18861312074547118
    },
    "link20_reach30": {
      "f1": 0.5505695952369023,
      "p": 0.946057347670251,
      "r": 0.4253799955357397
    },
    "link28_reach36": {
      "f1": 0.7849525867427977,
      "p": 0.9617262307584888,
      "r": 0.7021371260353672
    },
    "link36_reach42": {
      "f1": 0.8270191757205629,
      "p": 0.9154350320311955,
      "r": 0.7956308779352237
    },
    "link44_reach48": {
      "f1": 0.8467870697676779,
      "p": 0.8555571608519698,
      "r": 0.873640818947606
    },
    "link56_reach56": {
      "f1": 0.8294194577582904,
      "p": 0.793059538008121,
      "r": 0.9264532399407671
    }
  }
}