{
  "db_rescue_r2.5 (prod)": {
    "f1": 0.853049133015369,
    "p": 0.8655665758980895,
    "r": 0.8786288313412173
  },
  "db_scale_r2.5": {
    "f1": 0.886790313878331,
    "p": 0.9449588194679837,
    "r": 0.8689344743170018
  },
  "db_scale12_r2.5": {
    "f1": 0.853049133015369,
    "p": 0.8655665758980895,
    "r": 0.8786288313412173
  },
  "db_scale_r2.0": {
    "f1": 0.8814357351097067,
    "p": 0.9489851781817101,
    "r": 0.8643253688276838
  },
  "db_scale_r3.0": {
    "f1": 0.8980855107440096,
    "p": 0.9465830879424234,
    "r": 0.8842373854106289
  },
  "db_scale_witnessonly": {
    "f1": 0.8850927992364827,
    "p": 0.9464277463853313,
    "r": 0.8660415364712709
  },
  "db_rescue_witnessonly": {
    "f1": 0.8566693548433912,
    "p": 0.901296661751515,
    "r": 0.8635956740972024
  },
  "db_rescue_r2.0": {
    "f1": 0.847939783912694,
    "p": 0.8681879528532673,
    "r": 0.8697348928642732
  },
  "db_rescue_r3.0": {
    "f1": 0.8666368539927929,
    "p": 0.8961195175800635,
    "r": 0.8825925439988717
  }
}