{
  "db_rescue_r2.5 (prod)": {
    "f1": 0.853049133015369,
    "p": 0.8655665758980895,
    "r": 0.8786288313412173
  },
  "db_scale_r2.5": {
    "f1": 0.886790313878331,
    "p": 0.9449588194679837,
    "r": 0.8689344743170018
  },
  "db_scale_r3.0": {
    "f1": 0.8980855107440096,
    "p": 0.9465830879424234,
    "r": 0.8842373854106289
  },
  "db_scale_r3.5": {
    "f1": 0.8954648168964782,
    "p": 0.945011534756787,
    "r": 0.8822528491326571
  },
  "db_scale_r4.0": {
    "f1": 0.9010706849335028,
    "p": 0.9363076881412257,
    "r": 0.8883375266075443
  },
  "db_scale_r4.5": {
    "f1": 0.9017548196313113,
    "p": 0.9369066696149967,
    "r": 0.8895892253415405
  },
  "db_scale_r5.0": {
    "f1": 0.9032210952911355,
    "p": 0.9369066696149967,
    "r": 0.8923942744298995
  },
  "db_scale_r3.0_wonly": {
    "f1": 0.8978408274516418,
    "p": 0.9337111221061899,
    "r": 0.8813736797837788
  },
  "db_scale_r4.0_wonly": {
    "f1": 0.9068170398571438,
    "p": 0.9360584090294677,
    "r": 0.8981812430798997
  }
}